
-- Populate the TransactionType table with initial data
INSERT INTO [finance].[TransactionType] ([Id],[Type],[Deleted],[CreateUserId],[CreateDate],[AmendUserId],[AmendDate])
VALUES (1,'Journal',0,0,GETDATE(),0,GETDATE())
INSERT INTO [finance].[TransactionType] ([Id],[Type],[Deleted],[CreateUserId],[CreateDate],[AmendUserId],[AmendDate])
VALUES (2,'Expense',0,0,GETDATE(),0,GETDATE())
INSERT INTO [finance].[TransactionType] ([Id],[Type],[Deleted],[CreateUserId],[CreateDate],[AmendUserId],[AmendDate])
VALUES (3,'Income',0,0,GETDATE(),0,GETDATE())
GO

-- Populate the AccountType table with initial data
INSERT INTO [finance].[AccountType] ([Id],[Type],[CreditDebit],[Deleted],[CreateUserId],[CreateDate],[AmendUserId],[AmendDate])
VALUES (1,'Asset',1,0,0,GETDATE(),0,GETDATE())
INSERT INTO [finance].[AccountType] ([Id],[Type],[CreditDebit],[Deleted],[CreateUserId],[CreateDate],[AmendUserId],[AmendDate])
VALUES (2,'Liability',-1,0,0,GETDATE(),0,GETDATE())
INSERT INTO [finance].[AccountType] ([Id],[Type],[CreditDebit],[Deleted],[CreateUserId],[CreateDate],[AmendUserId],[AmendDate])
VALUES (3,'Revenue',-1,0,0,GETDATE(),0,GETDATE())
INSERT INTO [finance].[AccountType] ([Id],[Type],[CreditDebit],[Deleted],[CreateUserId],[CreateDate],[AmendUserId],[AmendDate])
VALUES (4,'Expense',1,0,0,GETDATE(),0,GETDATE())
INSERT INTO [finance].[AccountType] ([Id],[Type],[CreditDebit],[Deleted],[CreateUserId],[CreateDate],[AmendUserId],[AmendDate])
VALUES (5,'Equity',-1,0,0,GETDATE(),0,GETDATE())
INSERT INTO [finance].[AccountType] ([Id],[Type],[CreditDebit],[Deleted],[CreateUserId],[CreateDate],[AmendUserId],[AmendDate])
VALUES (6,'Long-term Liability',-1,0,0,GETDATE(),0,GETDATE())
GO

-- Populate the Account table with initial data
SET IDENTITY_INSERT [finance].[Account] ON;
INSERT INTO [finance].[Account] (Id,[AccountTypeId],[Name],[Notes],[Active],[Deleted],[CreateUserId],[CreateDate],[AmendUserId],[AmendDate])
VALUES (1,2,'Accounts Payable','Current liabilities',1,0,0,GETDATE(),0,GETDATE())
INSERT INTO [finance].[Account] (Id,[AccountTypeId],[Name],[Notes],[Active],[Deleted],[CreateUserId],[CreateDate],[AmendUserId],[AmendDate])
VALUES (2,1,'Accounts Receivable','',1,0,0,GETDATE(),0,GETDATE())
INSERT INTO [finance].[Account] (Id,[AccountTypeId],[Name],[Notes],[Active],[Deleted],[CreateUserId],[CreateDate],[AmendUserId],[AmendDate])
VALUES (3,5,'Owner’s Investment/Drawings','',1,0,0,GETDATE(),0,GETDATE())
INSERT INTO [finance].[Account] (Id,[AccountTypeId],[Name],[Notes],[Active],[Deleted],[CreateUserId],[CreateDate],[AmendUserId],[AmendDate])
VALUES (4,3,'Other Income','',1,0,0,GETDATE(),0,GETDATE())
INSERT INTO [finance].[Account] (Id,[AccountTypeId],[Name],[Notes],[Active],[Deleted],[CreateUserId],[CreateDate],[AmendUserId],[AmendDate])
VALUES (5,4,'Advertising & Promotion','',1,0,0,GETDATE(),0,GETDATE())
INSERT INTO [finance].[Account] (Id,[AccountTypeId],[Name],[Notes],[Active],[Deleted],[CreateUserId],[CreateDate],[AmendUserId],[AmendDate])
VALUES (6,4,'Cost of Goods Sold','',1,0,0,GETDATE(),0,GETDATE())
INSERT INTO [finance].[Account] (Id,[AccountTypeId],[Name],[Notes],[Active],[Deleted],[CreateUserId],[CreateDate],[AmendUserId],[AmendDate])
VALUES (7,3,'Sales - Art','',1,0,0,GETDATE(),0,GETDATE())
INSERT INTO [finance].[Account] (Id,[AccountTypeId],[Name],[Notes],[Active],[Deleted],[CreateUserId],[CreateDate],[AmendUserId],[AmendDate])
VALUES (8,3,'Sales - Skincare','',1,0,0,GETDATE(),0,GETDATE())
INSERT INTO [finance].[Account] (Id,[AccountTypeId],[Name],[Notes],[Active],[Deleted],[CreateUserId],[CreateDate],[AmendUserId],[AmendDate])
VALUES (9,4,'Subscriptions & Memberships','',1,0,0,GETDATE(),0,GETDATE())
INSERT INTO [finance].[Account] (Id,[AccountTypeId],[Name],[Notes],[Active],[Deleted],[CreateUserId],[CreateDate],[AmendUserId],[AmendDate])
VALUES (10,4,'Exhibitions & Competitions','',1,0,0,GETDATE(),0,GETDATE())
INSERT INTO [finance].[Account] (Id,[AccountTypeId],[Name],[Notes],[Active],[Deleted],[CreateUserId],[CreateDate],[AmendUserId],[AmendDate])
VALUES (11,4,'Stationary & Consumables','',1,0,0,GETDATE(),0,GETDATE())
INSERT INTO [finance].[Account] (Id,[AccountTypeId],[Name],[Notes],[Active],[Deleted],[CreateUserId],[CreateDate],[AmendUserId],[AmendDate])
VALUES (12,4,'Charity Donation','',1,0,0,GETDATE(),0,GETDATE())
SET IDENTITY_INSERT [finance].[Account] OFF;

---- Populate the contact table with initial data
--INSERT INTO [dbo].[Contact] ([Name],[ContactTypeId],[Deleted],[AmendUserId],[AmendDate])
--VALUES ('General Public',2,0,0,GETDATE())
--INSERT INTO [dbo].[Contact] ([Name],[ContactTypeId],[Deleted],[AmendUserId],[AmendDate])
--VALUES ('Hawarden post Office',2,0,0,GETDATE())
--INSERT INTO [dbo].[Contact] ([Name],[ContactTypeId],[Deleted],[AmendUserId],[AmendDate])
--VALUES ('Meliden (Y Shed)',2,0,0,GETDATE())
--INSERT INTO [dbo].[Contact] ([Name],[ContactTypeId],[Deleted],[AmendUserId],[AmendDate])
--VALUES ('Exibition July 25',2,0,0,GETDATE())
--INSERT INTO [dbo].[Contact] ([Name],[ContactTypeId],[Deleted],[AmendUserId],[AmendDate])
--VALUES ('ArtBox Chester',2,0,0,GETDATE())
--INSERT INTO [dbo].[Contact] ([Name],[ContactTypeId],[Deleted],[AmendUserId],[AmendDate])
--VALUES ('Twisted Twig',2,0,0,GETDATE())
--INSERT INTO [dbo].[Contact] ([Name],[ContactTypeId],[Deleted],[AmendUserId],[AmendDate])
--VALUES ('Southport Gym',2,0,0,GETDATE())
--INSERT INTO [dbo].[Contact] ([Name],[ContactTypeId],[Deleted],[AmendUserId],[AmendDate])
--VALUES ('Forest Florist',2,0,0,GETDATE())
--INSERT INTO [dbo].[Contact] ([Name],[ContactTypeId],[Deleted],[AmendUserId],[AmendDate])
--VALUES ('My Website',2,0,0,GETDATE())
--INSERT INTO [dbo].[Contact] ([Name],[ContactTypeId],[Deleted],[AmendUserId],[AmendDate])
--VALUES ('Amazon',1,0,0,GETDATE())
--INSERT INTO [dbo].[Contact] ([Name],[ContactTypeId],[Deleted],[AmendUserId],[AmendDate])
--VALUES ('Etsy',1,0,0,GETDATE())
--INSERT INTO [dbo].[Contact] ([Name],[ContactTypeId],[Deleted],[AmendUserId],[AmendDate])
--VALUES ('The Range',1,0,0,GETDATE())
--INSERT INTO [dbo].[Contact] ([Name],[ContactTypeId],[Deleted],[AmendUserId],[AmendDate])
--VALUES ('Zazzle',1,0,0,GETDATE())
--INSERT INTO [dbo].[Contact] ([Name],[ContactTypeId],[Deleted],[AmendUserId],[AmendDate])
--VALUES ('Facebook/Instagram',1,0,0,GETDATE())
--INSERT INTO [dbo].[Contact] ([Name],[ContactTypeId],[Deleted],[AmendUserId],[AmendDate])
--VALUES ('Art North Wales',1,0,0,GETDATE())
--INSERT INTO [dbo].[Contact] ([Name],[ContactTypeId],[Deleted],[AmendUserId],[AmendDate])
--VALUES ('Art 2 Arts',1,0,0,GETDATE())
--INSERT INTO [dbo].[Contact] ([Name],[ContactTypeId],[Deleted],[AmendUserId],[AmendDate])
--VALUES ('Visual Arts Association',1,0,0,GETDATE())
--INSERT INTO [dbo].[Contact] ([Name],[ContactTypeId],[Deleted],[AmendUserId],[AmendDate])
--VALUES ('Where can we go',1,0,0,GETDATE())
--INSERT INTO [dbo].[Contact] ([Name],[ContactTypeId],[Deleted],[AmendUserId],[AmendDate])
--VALUES ('Class Art',1,0,0,GETDATE())
--INSERT INTO [dbo].[Contact] ([Name],[ContactTypeId],[Deleted],[AmendUserId],[AmendDate])
--VALUES ('ASDA',1,0,0,GETDATE())
